Run,anonymized_name,Assay Type,AvgSpotLen,Bases,BioProject,BioSample,Bytes,Center Name,common_name,Consent,DATASTORE filetype,DATASTORE provider,DATASTORE region,ENA-FIRST-PUBLIC (run),ENA_first_public,ENA-LAST-UPDATE (run),ENA_last_update,Experiment,external_id,HLA-B_closest_reference_allele,INSDC_center_alias,INSDC_center_name,INSDC_first_public,INSDC_last_update,INSDC_status,Instrument,Library Name,LibraryLayout,LibrarySelection,LibrarySource,Organism,Platform,ReleaseDate,create_date,version,Sample Name,Sample_name,SRA Study,Submitter_Id
ERR566920,31227ABO,OTHER,202,4727316312,PRJEB6763,SAMEA2660221,3167284983,STANFORD UNIVERSITY,human,public,"run.zq,fastq,sra","ena,s3,ncbi,gs","ncbi.public,s3.us-east-1,ena,gs.us-east1",2017-02-14,2017-02-14,2018-11-16,2014-07-20,ERX525909,SAMEA2660221,B*18:01:01:02:01,STANFORD UNIVERSITY,Stanford University,2017-02-14T17:02:19Z,2014-07-20T01:13:37Z,public,Illumina HiSeq 2000,unspecified,PAIRED,other,GENOMIC,Homo sapiens,ILLUMINA,2017-02-21T00:00:00Z,2022-07-13T09:24:00Z,2,SAMEA2660221,31227ABO,ERP006388,31227ABO
ERR566921,AKIBA,OTHER,202,4741660736,PRJEB6763,SAMEA2660222,3218401027,STANFORD UNIVERSITY,human,public,"fastq,sra,run.zq","gs,s3,ena,ncbi","ena,ncbi.public,gs.us-east1,s3.us-east-1",2017-02-14,2017-02-14,2018-11-16,2014-07-20,ERX525910,SAMEA2660222,B*52:01:01:02:01,STANFORD UNIVERSITY,Stanford University,2017-02-14T17:02:18Z,2014-07-20T01:13:37Z,public,Illumina HiSeq 2000,unspecified,PAIRED,other,GENOMIC,Homo sapiens,ILLUMINA,2017-02-21T00:00:00Z,2017-02-21T23:39:00Z,1,SAMEA2660222,AKIBA,ERP006388,AKIBA
ERR566922,AMA1,OTHER,202,4409644850,PRJEB6763,SAMEA2660223,2945091077,STANFORD UNIVERSITY,human,public,"fastq,run.zq,sra","ena,gs,s3,ncbi","ncbi.public,s3.us-east-1,ena,gs.us-east1",2017-02-14,2017-02-14,2018-11-16,2014-07-20,ERX525911,SAMEA2660223,B*53:01:01:01:01,STANFORD UNIVERSITY,Stanford University,2017-02-14T17:02:18Z,2014-07-20T01:13:37Z,public,Illumina HiSeq 2000,unspecified,PAIRED,other,GENOMIC,Homo sapiens,ILLUMINA,2017-02-21T00:00:00Z,2022-07-20T10:36:00Z,2,SAMEA2660223,AMA1,ERP006388,AMA1
ERR566923,AMALA,OTHER,202,2672801582,PRJEB6763,SAMEA2660224,1782150420,STANFORD UNIVERSITY,human,public,"fastq,run.zq,sra","s3,gs,ncbi,ena","gs.us-east1,s3.us-east-1,ena,ncbi.public",2017-02-14,2017-02-14,2018-11-16,2014-07-20,ERX525912,SAMEA2660224,B*15:01:01:01:01,STANFORD UNIVERSITY,Stanford University,2017-02-14T17:02:18Z,2014-07-20T01:13:37Z,public,Illumina HiSeq 2000,unspecified,PAIRED,other,GENOMIC,Homo sapiens,ILLUMINA,2017-02-21T00:00:00Z,2017-02-21T23:52:00Z,1,SAMEA2660224,AMALA,ERP006388,AMALA
ERR566924,APD,OTHER,202,41092986048,PRJEB6763,SAMEA2660225,29082478513,STANFORD UNIVERSITY,human,public,"sra,run.zq,fastq","s3,ncbi,ena,gs","ncbi.public,gs.us-east1,ena,s3.us-east-1",2017-02-14,2017-02-14,2018-11-16,2014-07-20,ERX525913,SAMEA2660225,B*40:01:02:01:01,STANFORD UNIVERSITY,Stanford University,2017-02-14T17:02:18Z,2014-07-20T01:13:37Z,public,Illumina HiSeq 2000,unspecified,PAIRED,other,GENOMIC,Homo sapiens,ILLUMINA,2017-02-21T00:00:00Z,2017-02-22T02:16:00Z,1,SAMEA2660225,APD,ERP006388,APD
ERR566925,AWELLS,OTHER,202,8557567996,PRJEB6763,SAMEA2660226,5531798040,STANFORD UNIVERSITY,human,public,"run.zq,fastq,sra","gs,ena,s3,ncbi","ncbi.public,ena,s3.us-east-1,gs.us-east1",2017-02-14,2017-02-14,2018-11-16,2014-07-20,ERX525914,SAMEA2660226,B*44:02:01:01:01,STANFORD UNIVERSITY,Stanford University,2017-02-14T17:02:19Z,2014-07-20T01:13:37Z,public,Illumina HiSeq 2000,unspecified,PAIRED,other,GENOMIC,Homo sapiens,ILLUMINA,2017-02-21T00:00:00Z,2017-02-22T00:09:00Z,1,SAMEA2660226,AWELLS,ERP006388,AWELLS
ERR566926,AZH,OTHER,202,5062911436,PRJEB6763,SAMEA2660227,3569144574,STANFORD UNIVERSITY,human,public,"sra,run.zq,fastq","ena,gs,s3,ncbi","ena,s3.us-east-1,ncbi.public,gs.us-east1",2017-02-14,2017-02-14,2018-11-16,2014-07-20,ERX525915,SAMEA2660227,B*56:01:01:01:01,STANFORD UNIVERSITY,Stanford University,2017-02-14T17:02:18Z,2014-07-20T01:13:37Z,public,Illumina HiSeq 2000,unspecified,PAIRED,other,GENOMIC,Homo sapiens,ILLUMINA,2017-02-21T00:00:00Z,2017-02-22T00:18:00Z,1,SAMEA2660227,AZH,ERP006388,AZH
ERR566927,BEI,OTHER,202,9161933210,PRJEB6763,SAMEA2660228,5977866223,STANFORD UNIVERSITY,human,public,"fastq,run.zq,sra","s3,gs,ena,ncbi","ena,ncbi.public,gs.us-east1,s3.us-east-1",2017-02-14,2017-02-14,2018-11-16,2014-07-20,ERX525916,SAMEA2660228,B*57:01:01:01:01,STANFORD UNIVERSITY,Stanford University,2017-02-14T17:02:18Z,2014-07-20T01:13:37Z,public,Illumina HiSeq 2000,unspecified,PAIRED,other,GENOMIC,Homo sapiens,ILLUMINA,2017-02-21T00:00:00Z,2017-02-22T00:43:00Z,1,SAMEA2660228,BEI,ERP006388,BEI
ERR566928,BER,OTHER,202,4073010638,PRJEB6763,SAMEA2660229,2763083985,STANFORD UNIVERSITY,human,public,"fastq,sra,run.zq","s3,ena,ncbi,gs","ena,gs.us-east1,s3.us-east-1,ncbi.public",2017-02-14,2017-02-14,2018-11-16,2014-07-20,ERX525917,SAMEA2660229,B*13:02:01:01:01,STANFORD UNIVERSITY,Stanford University,2017-02-14T17:02:18Z,2014-07-20T01:13:37Z,public,Illumina HiSeq 2000,unspecified,PAIRED,other,GENOMIC,Homo sapiens,ILLUMINA,2017-02-21T00:00:00Z,2017-02-22T00:30:00Z,1,SAMEA2660229,BER,ERP006388,BER
ERR566929,BGED,OTHER,202,10431295958,PRJEB6763,SAMEA2660230,7492737016,STANFORD UNIVERSITY,human,public,"run.zq,fastq,sra","ena,ncbi,s3,gs","s3.us-east-1,gs.us-east1,ncbi.public,ena",2017-02-14,2017-02-14,2018-11-16,2014-07-20,ERX525918,SAMEA2660230,B*52:01:01:01:01,STANFORD UNIVERSITY,Stanford University,2017-02-14T17:02:19Z,2014-07-20T01:13:38Z,public,Illumina HiSeq 2000,unspecified,PAIRED,other,GENOMIC,Homo sapiens,ILLUMINA,2017-02-21T00:00:00Z,2017-02-22T01:22:00Z,1,SAMEA2660230,BGED,ERP006388,BGED
ERR566930,BH,OTHER,202,3689173268,PRJEB6763,SAMEA2660231,2527925821,STANFORD UNIVERSITY,human,public,"sra,run.zq,fastq","ena,ncbi,gs,s3","gs.us-east1,s3.us-east-1,ncbi.public,ena",2017-02-14,2017-02-14,2018-11-16,2014-07-20,ERX525919,SAMEA2660231,B*13:02:01:01:01,STANFORD UNIVERSITY,Stanford University,2017-02-14T17:02:18Z,2014-07-20T01:13:38Z,public,Illumina HiSeq 2000,unspecified,PAIRED,other,GENOMIC,Homo sapiens,ILLUMINA,2017-02-21T00:00:00Z,2017-02-22T01:04:00Z,1,SAMEA2660231,BH,ERP006388,BH
ERR566931,BM09,OTHER,202,5765872244,PRJEB6763,SAMEA2660232,4068489339,STANFORD UNIVERSITY,human,public,"sra,fastq,run.zq","ncbi,ena,s3,gs","ena,s3.us-east-1,ncbi.public,gs.us-east1",2017-02-14,2017-02-14,2018-11-16,2014-07-20,ERX525920,SAMEA2660232,B*35:01:01:02:01,STANFORD UNIVERSITY,Stanford University,2017-02-14T17:02:18Z,2014-07-20T01:13:38Z,public,Illumina HiSeq 2000,unspecified,PAIRED,other,GENOMIC,Homo sapiens,ILLUMINA,2017-02-21T00:00:00Z,2017-02-22T01:19:00Z,1,SAMEA2660232,BM09,ERP006388,BM09
ERR566932,BM14,OTHER,202,6283603496,PRJEB6763,SAMEA2660233,4435151178,STANFORD UNIVERSITY,human,public,"sra,fastq,run.zq","gs,ncbi,ena,s3","ena,ncbi.public,s3.us-east-1,gs.us-east1",2017-02-14,2017-02-14,2018-11-16,2014-07-20,ERX525921,SAMEA2660233,B*07:02:01:01:01,STANFORD UNIVERSITY,Stanford University,2017-02-14T17:02:19Z,2014-07-20T01:13:38Z,public,Illumina HiSeq 2000,unspecified,PAIRED,other,GENOMIC,Homo sapiens,ILLUMINA,2017-02-21T00:00:00Z,2017-02-22T01:37:00Z,1,SAMEA2660233,BM14,ERP006388,BM14
ERR566933,BM15,OTHER,202,7559362170,PRJEB6763,SAMEA2660234,5344042103,STANFORD UNIVERSITY,human,public,"run.zq,fastq,sra","gs,s3,ena,ncbi","ena,s3.us-east-1,gs.us-east1,ncbi.public",2017-02-14,2017-02-14,2018-11-16,2014-07-20,ERX525922,SAMEA2660234,B*49:01:01:01:01,STANFORD UNIVERSITY,Stanford University,2017-02-14T17:02:18Z,2014-07-20T01:13:38Z,public,Illumina HiSeq 2000,unspecified,PAIRED,other,GENOMIC,Homo sapiens,ILLUMINA,2017-02-21T00:00:00Z,2017-02-22T01:51:00Z,1,SAMEA2660234,BM15,ERP006388,BM15
ERR566934,BM16,OTHER,202,5341332278,PRJEB6763,SAMEA2660235,3596923775,STANFORD UNIVERSITY,human,public,"sra,run.zq,fastq","gs,ncbi,ena,s3","s3.us-east-1,ena,ncbi.public,gs.us-east1",2017-02-14,2017-02-14,2018-11-16,2014-07-20,ERX525923,SAMEA2660235,B*18:01:01:02:01,STANFORD UNIVERSITY,Stanford University,2017-02-14T17:02:18Z,2014-07-20T01:13:38Z,public,Illumina HiSeq 2000,unspecified,PAIRED,other,GENOMIC,Homo sapiens,ILLUMINA,2017-02-21T00:00:00Z,2017-02-22T01:51:00Z,1,SAMEA2660235,BM16,ERP006388,BM16
ERR566935,BM21,OTHER,202,5475476034,PRJEB6763,SAMEA2660236,3850650447,STANFORD UNIVERSITY,human,public,"sra,fastq,run.zq","ncbi,s3,gs,ena","s3.us-east-1,ncbi.public,ena,gs.us-east1",2017-02-14,2017-02-14,2018-11-16,2014-07-20,ERX525924,SAMEA2660236,B*41:01:01:01:01,STANFORD UNIVERSITY,Stanford University,2017-02-14T17:02:19Z,2014-07-20T01:13:38Z,public,Illumina HiSeq 2000,unspecified,PAIRED,other,GENOMIC,Homo sapiens,ILLUMINA,2017-02-21T00:00:00Z,2017-02-22T02:19:00Z,1,SAMEA2660236,BM21,ERP006388,BM21
ERR566936,BOLETH,OTHER,202,4997459396,PRJEB6763,SAMEA2660238,3473676776,STANFORD UNIVERSITY,human,public,"run.zq,sra,fastq","s3,ena,gs,ncbi","ncbi.public,ena,s3.us-east-1,gs.us-east1",2017-02-14,2017-02-14,2018-11-16,2014-07-20,ERX525925,SAMEA2660238,B*15:01:01:01:01,STANFORD UNIVERSITY,Stanford University,2017-02-14T17:02:19Z,2014-07-20T01:13:38Z,public,Illumina HiSeq 2000,unspecified,PAIRED,other,GENOMIC,Homo sapiens,ILLUMINA,2017-02-21T00:00:00Z,2022-07-14T02:09:00Z,2,SAMEA2660238,BOLETH,ERP006388,BOLETH
ERR566937,BSM,OTHER,202,4796920058,PRJEB6763,SAMEA2660239,3212618845,STANFORD UNIVERSITY,human,public,"run.zq,fastq,sra","ena,ncbi,s3,gs","ena,s3.us-east-1,gs.us-east1,ncbi.public",2017-02-14,2017-02-14,2018-11-16,2014-07-20,ERX525926,SAMEA2660239,B*15:01:01:01:01,STANFORD UNIVERSITY,Stanford University,2017-02-14T17:02:19Z,2014-07-20T01:13:38Z,public,Illumina HiSeq 2000,unspecified,PAIRED,other,GENOMIC,Homo sapiens,ILLUMINA,2017-02-21T00:00:00Z,2017-02-22T02:42:00Z,1,SAMEA2660239,BSM,ERP006388,BSM
ERR566938,BTB,OTHER,202,4115259948,PRJEB6763,SAMEA2660240,2905930376,STANFORD UNIVERSITY,human,public,"run.zq,fastq,sra","ncbi,gs,ena,s3","gs.us-east1,ncbi.public,ena,s3.us-east-1",2017-02-14,2017-02-14,2018-11-16,2014-07-20,ERX525927,SAMEA2660240,B*27:05:02:01:01,STANFORD UNIVERSITY,Stanford University,2017-02-14T17:02:19Z,2014-07-20T01:13:38Z,public,Illumina HiSeq 2000,unspecified,PAIRED,other,GENOMIC,Homo sapiens,ILLUMINA,2017-02-21T00:00:00Z,2017-02-22T02:41:00Z,1,SAMEA2660240,BTB,ERP006388,BTB
ERR566939,CALOGERO,OTHER,202,5068089504,PRJEB6763,SAMEA2660241,3463556276,STANFORD UNIVERSITY,human,public,"fastq,run.zq,sra","ncbi,s3,ena,gs","ncbi.public,s3.us-east-1,gs.us-east1,ena",2017-02-14,2017-02-14,2018-11-16,2014-07-20,ERX525928,SAMEA2660241,B*40:02:01:01:01,STANFORD UNIVERSITY,Stanford University,2017-02-14T17:02:18Z,2014-07-20T01:13:38Z,public,Illumina HiSeq 2000,unspecified,PAIRED,other,GENOMIC,Homo sapiens,ILLUMINA,2017-02-21T00:00:00Z,2017-02-22T02:34:00Z,1,SAMEA2660241,CALOGERO,ERP006388,CALOGERO
ERR566940,CB6B,OTHER,202,10002230586,PRJEB6763,SAMEA2660242,7107919892,STANFORD UNIVERSITY,human,public,"sra,run.zq,fastq","ncbi,ena,s3,gs","ncbi.public,s3.us-east-1,ena,gs.us-east1",2017-02-14,2017-02-14,2018-11-16,2014-07-20,ERX525929,SAMEA2660242,B*15:01:01:01:01,STANFORD UNIVERSITY,Stanford University,2017-02-14T17:02:18Z,2014-07-20T01:13:38Z,public,Illumina HiSeq 2000,unspecified,PAIRED,other,GENOMIC,Homo sapiens,ILLUMINA,2017-02-21T00:00:00Z,2017-02-22T03:08:00Z,1,SAMEA2660242,CB6B,ERP006388,CB6B
ERR566941,COX,OTHER,202,38151957352,PRJEB6763,SAMEA2660244,25839387312,STANFORD UNIVERSITY,human,public,"run.zq,fastq,sra","ncbi,gs,s3,ena","gs.us-east1,ena,ncbi.public,s3.us-east-1",2017-02-14,2017-02-14,2018-11-16,2014-07-20,ERX525930,SAMEA2660244,B*08:01:01:01:01,STANFORD UNIVERSITY,Stanford University,2017-02-14T17:02:18Z,2014-07-20T01:13:38Z,public,Illumina HiSeq 2000,unspecified,PAIRED,other,GENOMIC,Homo sapiens,ILLUMINA,2017-02-21T00:00:00Z,2017-02-22T04:25:00Z,1,SAMEA2660244,COX,ERP006388,COX
ERR566942,DBB,OTHER,202,34052055464,PRJEB6763,SAMEA2660245,24472628712,STANFORD UNIVERSITY,human,public,"fastq,run.zq,sra","ncbi,s3,ena,gs","gs.us-east1,s3.us-east-1,ncbi.public,ena",2017-02-14,2017-02-14,2018-11-16,2014-07-20,ERX525931,SAMEA2660245,B*57:01:01:01:01,STANFORD UNIVERSITY,Stanford University,2017-02-14T17:02:18Z,2014-07-20T01:13:38Z,public,Illumina HiSeq 2000,unspecified,PAIRED,other,GENOMIC,Homo sapiens,ILLUMINA,2017-02-21T00:00:00Z,2017-02-22T04:20:00Z,1,SAMEA2660245,DBB,ERP006388,DBB
ERR566943,DEMD,OTHER,202,6222591820,PRJEB6763,SAMEA2660246,4280886699,STANFORD UNIVERSITY,human,public,"sra,run.zq,fastq","gs,ena,ncbi,s3","gs.us-east1,ena,s3.us-east-1,ncbi.public",2017-02-14,2017-02-14,2018-11-16,2014-07-20,ERX525932,SAMEA2660246,B*57:01:01:01:01,STANFORD UNIVERSITY,Stanford University,2017-02-14T17:02:18Z,2014-07-20T01:13:38Z,public,Illumina HiSeq 2000,unspecified,PAIRED,other,GENOMIC,Homo sapiens,ILLUMINA,2017-02-21T00:00:00Z,2017-02-22T03:18:00Z,1,SAMEA2660246,DEMD,ERP006388,DEMD
ERR566944,DEU,OTHER,202,11037824188,PRJEB6763,SAMEA2660247,7269888447,STANFORD UNIVERSITY,human,public,"fastq,sra,run.zq","ncbi,ena,gs,s3","s3.us-east-1,ncbi.public,gs.us-east1,ena",2017-02-14,2017-02-14,2018-11-16,2014-07-20,ERX525933,SAMEA2660247,B*35:01:01:02:01,STANFORD UNIVERSITY,Stanford University,2017-02-14T17:02:18Z,2014-07-20T01:13:38Z,public,Illumina HiSeq 2000,unspecified,PAIRED,other,GENOMIC,Homo sapiens,ILLUMINA,2017-02-21T00:00:00Z,2017-02-22T03:47:00Z,1,SAMEA2660247,DEU,ERP006388,DEU
ERR566945,DKB,OTHER,202,5530127538,PRJEB6763,SAMEA2660248,3832176027,STANFORD UNIVERSITY,human,public,"sra,fastq,run.zq","ena,gs,s3,ncbi","ncbi.public,s3.us-east-1,ena,gs.us-east1",2017-02-14,2017-02-14,2018-11-16,2014-07-20,ERX525934,SAMEA2660248,B*40:01:02:01:01,STANFORD UNIVERSITY,Stanford University,2017-02-14T17:02:18Z,2014-07-20T01:13:38Z,public,Illumina HiSeq 2000,unspecified,PAIRED,other,GENOMIC,Homo sapiens,ILLUMINA,2017-02-21T00:00:00Z,2022-07-20T10:34:00Z,2,SAMEA2660248,DKB,ERP006388,DKB
ERR566946,DUCAF,OTHER,202,5885995382,PRJEB6763,SAMEA2660249,4086773609,STANFORD UNIVERSITY,human,public,"sra,run.zq,fastq","ena,s3,gs,ncbi","s3.us-east-1,ena,gs.us-east1,ncbi.public",2017-02-14,2017-02-14,2018-11-16,2014-07-20,ERX525935,SAMEA2660249,B*18:01:01:01:01,STANFORD UNIVERSITY,Stanford University,2017-02-14T17:02:19Z,2014-07-20T01:13:38Z,public,Illumina HiSeq 2000,unspecified,PAIRED,other,GENOMIC,Homo sapiens,ILLUMINA,2017-02-21T00:00:00Z,2017-02-22T04:34:00Z,1,SAMEA2660249,DUCAF,ERP006388,DUCAF
ERR566947,E481324,OTHER,202,9149541520,PRJEB6763,SAMEA2660250,6527292631,STANFORD UNIVERSITY,human,public,"sra,run.zq,fastq","s3,gs,ncbi,ena","gs.us-east1,ena,ncbi.public,s3.us-east-1",2017-02-14,2017-02-14,2018-11-16,2014-07-20,ERX525936,SAMEA2660250,B*52:01:01:01:01,STANFORD UNIVERSITY,Stanford University,2017-02-14T17:02:19Z,2014-07-20T01:13:38Z,public,Illumina HiSeq 2000,unspecified,PAIRED,other,GENOMIC,Homo sapiens,ILLUMINA,2017-02-21T00:00:00Z,2017-02-22T04:51:00Z,1,SAMEA2660250,E481324,ERP006388,E481324
ERR566948,EA,OTHER,202,14444414808,PRJEB6763,SAMEA2660251,10253088952,STANFORD UNIVERSITY,human,public,"sra,run.zq,fastq","s3,ncbi,gs,ena","ncbi.public,s3.us-east-1,gs.us-east1,ena",2017-02-14,2017-02-14,2018-11-16,2014-07-20,ERX525937,SAMEA2660251,B*07:02:01:01:01,STANFORD UNIVERSITY,Stanford University,2017-02-14T17:02:18Z,2014-07-20T01:13:38Z,public,Illumina HiSeq 2000,unspecified,PAIRED,other,GENOMIC,Homo sapiens,ILLUMINA,2017-02-21T00:00:00Z,2017-02-22T05:20:00Z,1,SAMEA2660251,EA,ERP006388,EA
ERR566949,EJ32B,OTHER,202,10364324676,PRJEB6763,SAMEA2660252,7397462321,STANFORD UNIVERSITY,human,public,"fastq,run.zq,sra","gs,ncbi,ena,s3","ena,s3.us-east-1,gs.us-east1,ncbi.public",2017-02-14,2017-02-14,2019-01-23,2014-07-20,ERX525938,SAMEA2660252,B*18:01:01:01:01,STANFORD UNIVERSITY,Stanford University,2017-02-14T17:02:18Z,2014-07-20T01:13:38Z,public,Illumina HiSeq 2000,unspecified,PAIRED,other,GENOMIC,Homo sapiens,ILLUMINA,2017-02-21T00:00:00Z,2017-02-22T11:58:00Z,1,SAMEA2660252,EJ32B,ERP006388,EJ32B
ERR566950,EK,OTHER,202,2627474802,PRJEB6763,SAMEA2660253,1428797159,STANFORD UNIVERSITY,human,public,"sra,fastq,run.zq","gs,s3,ena,ncbi","ncbi.public,ena,s3.us-east-1,gs.us-east1",2017-02-14,2017-02-14,2018-11-16,2014-07-20,ERX525939,SAMEA2660253,B*44:02:01:01:01,STANFORD UNIVERSITY,Stanford University,2017-02-14T17:02:18Z,2014-07-20T01:13:38Z,public,Illumina HiSeq 2000,unspecified,PAIRED,other,GENOMIC,Homo sapiens,ILLUMINA,2017-02-21T00:00:00Z,2017-02-22T04:46:00Z,1,SAMEA2660253,EK,ERP006388,EK
ERR566951,EN1,OTHER,202,13164397368,PRJEB6763,SAMEA2660254,8519708063,STANFORD UNIVERSITY,human,public,"fastq,sra,run.zq","s3,ena,ncbi,gs","gs.us-east1,ncbi.public,s3.us-east-1,ena",2017-02-14,2017-02-14,2018-11-16,2014-07-20,ERX525940,SAMEA2660254,B*07:02:01:01:01,STANFORD UNIVERSITY,Stanford University,2017-02-14T17:02:18Z,2014-07-20T01:13:38Z,public,Illumina HiSeq 2000,unspecified,PAIRED,other,GENOMIC,Homo sapiens,ILLUMINA,2017-02-21T00:00:00Z,2017-02-22T05:27:00Z,1,SAMEA2660254,EN1,ERP006388,EN1
ERR566952,FPAF,OTHER,202,8432172052,PRJEB6763,SAMEA2660255,5935891547,STANFORD UNIVERSITY,human,public,"sra,fastq,run.zq","ena,gs,ncbi,s3","s3.us-east-1,ncbi.public,ena,gs.us-east1",2017-02-14,2017-02-14,2018-11-16,2014-07-20,ERX525941,SAMEA2660255,B*35:02:01:01:01,STANFORD UNIVERSITY,Stanford University,2017-02-14T17:02:18Z,2014-07-20T01:13:38Z,public,Illumina HiSeq 2000,unspecified,PAIRED,other,GENOMIC,Homo sapiens,ILLUMINA,2017-02-21T00:00:00Z,2017-02-22T05:22:00Z,1,SAMEA2660255,FPAF,ERP006388,FPAF
ERR566953,HO104,OTHER,202,5308468292,PRJEB6763,SAMEA2660256,3740048314,STANFORD UNIVERSITY,human,public,"fastq,run.zq,sra","ena,s3,ncbi,gs","s3.us-east-1,ncbi.public,ena,gs.us-east1",2017-02-14,2017-02-14,2018-11-16,2014-07-20,ERX525942,SAMEA2660256,B*07:02:01:01:01,STANFORD UNIVERSITY,Stanford University,2017-02-14T17:02:18Z,2014-07-20T01:13:38Z,public,Illumina HiSeq 2000,unspecified,PAIRED,other,GENOMIC,Homo sapiens,ILLUMINA,2017-02-21T00:00:00Z,2017-02-22T05:47:00Z,1,SAMEA2660256,HO104,ERP006388,HO104
ERR566954,HOR,OTHER,202,15193975400,PRJEB6763,SAMEA2660257,10830644265,STANFORD UNIVERSITY,human,public,"run.zq,fastq,sra","ncbi,s3,ena,gs","gs.us-east1,ena,s3.us-east-1,ncbi.public",2017-02-14,2017-02-14,2018-11-16,2014-07-20,ERX525943,SAMEA2660257,B*44:03:01:01:01,STANFORD UNIVERSITY,Stanford University,2017-02-14T17:02:18Z,2014-07-20T01:13:39Z,public,Illumina HiSeq 2000,unspecified,PAIRED,other,GENOMIC,Homo sapiens,ILLUMINA,2017-02-21T00:00:00Z,2017-02-22T06:08:00Z,1,SAMEA2660257,HOR,ERP006388,HOR
ERR566955,IBW9,OTHER,202,5469685502,PRJEB6763,SAMEA2660258,3824023832,STANFORD UNIVERSITY,human,public,"fastq,sra,run.zq","ena,gs,s3,ncbi","s3.us-east-1,gs.us-east1,ena,ncbi.public",2017-02-14,2017-02-14,2018-11-16,2014-07-20,ERX525944,SAMEA2660258,B*14:02:01:01:01,STANFORD UNIVERSITY,Stanford University,2017-02-14T17:02:18Z,2014-07-20T01:13:39Z,public,Illumina HiSeq 2000,unspecified,PAIRED,other,GENOMIC,Homo sapiens,ILLUMINA,2017-02-21T00:00:00Z,2017-02-22T05:38:00Z,1,SAMEA2660258,IBW9,ERP006388,IBW9
ERR566956,ISH3,OTHER,202,2501241568,PRJEB6763,SAMEA2660259,1349481027,STANFORD UNIVERSITY,human,public,"run.zq,fastq,sra","gs,s3,ena,ncbi","gs.us-east1,s3.us-east-1,ncbi.public,ena",2017-02-14,2017-02-14,2018-11-16,2014-07-20,ERX525945,SAMEA2660259,B*15:01:01:01:01,STANFORD UNIVERSITY,Stanford University,2017-02-14T17:02:18Z,2014-07-20T01:13:39Z,public,Illumina HiSeq 2000,unspecified,PAIRED,other,GENOMIC,Homo sapiens,ILLUMINA,2017-02-21T00:00:00Z,2017-02-22T05:48:00Z,1,SAMEA2660259,ISH3,ERP006388,ISH3
ERR566957,JBUSH,OTHER,202,5215752514,PRJEB6763,SAMEA2660260,3672232405,STANFORD UNIVERSITY,human,public,"sra,run.zq,fastq","ena,s3,ncbi,gs","gs.us-east1,ncbi.public,ena,s3.us-east-1",2017-02-14,2017-02-14,2018-11-16,2014-07-20,ERX525946,SAMEA2660260,B*38:01:01:01:01,STANFORD UNIVERSITY,Stanford University,2017-02-14T17:02:18Z,2014-07-20T01:13:39Z,public,Illumina HiSeq 2000,unspecified,PAIRED,other,GENOMIC,Homo sapiens,ILLUMINA,2017-02-21T00:00:00Z,2017-02-22T05:56:00Z,1,SAMEA2660260,JBUSH,ERP006388,JBUSH
ERR566958,JESTHOM,OTHER,202,4338359050,PRJEB6763,SAMEA2660261,2997316884,STANFORD UNIVERSITY,human,public,"sra,fastq,run.zq","ncbi,gs,ena,s3","ena,gs.us-east1,ncbi.public,s3.us-east-1",2017-02-14,2017-02-14,2018-11-16,2014-07-20,ERX525947,SAMEA2660261,B*27:05:02:01:01,STANFORD UNIVERSITY,Stanford University,2017-02-14T17:02:18Z,2014-07-20T01:13:39Z,public,Illumina HiSeq 2000,unspecified,PAIRED,other,GENOMIC,Homo sapiens,ILLUMINA,2017-02-21T00:00:00Z,2017-02-22T06:08:00Z,1,SAMEA2660261,JESTHOM,ERP006388,JESTHOM
ERR566959,JHAF,OTHER,202,6060854662,PRJEB6763,SAMEA2660262,4275426834,STANFORD UNIVERSITY,human,public,"run.zq,fastq,sra","gs,s3,ncbi,ena","ena,gs.us-east1,ncbi.public,s3.us-east-1",2017-02-14,2017-02-14,2018-11-16,2014-07-20,ERX525948,SAMEA2660262,B*51:01:01:01:01,STANFORD UNIVERSITY,Stanford University,2017-02-14T17:02:18Z,2014-07-20T01:13:39Z,public,Illumina HiSeq 2000,unspecified,PAIRED,other,GENOMIC,Homo sapiens,ILLUMINA,2017-02-21T00:00:00Z,2017-02-22T06:25:00Z,1,SAMEA2660262,JHAF,ERP006388,JHAF
ERR566960,JO528239,OTHER,202,3266336162,PRJEB6763,SAMEA2660263,2297928596,STANFORD UNIVERSITY,human,public,"run.zq,fastq,sra","s3,gs,ena,ncbi","ena,gs.us-east1,ncbi.public,s3.us-east-1",2017-02-14,2017-02-14,2018-11-16,2014-07-20,ERX525949,SAMEA2660263,B*35:02:01:01:01,STANFORD UNIVERSITY,Stanford University,2017-02-14T17:02:18Z,2014-07-20T01:13:39Z,public,Illumina HiSeq 2000,unspecified,PAIRED,other,GENOMIC,Homo sapiens,ILLUMINA,2017-02-21T00:00:00Z,2017-02-22T06:23:00Z,1,SAMEA2660263,JO528239,ERP006388,JO528239
ERR566961,JVM,OTHER,202,3033806286,PRJEB6763,SAMEA2660264,2113203265,STANFORD UNIVERSITY,human,public,"fastq,sra,run.zq","ena,s3,ncbi,gs","ncbi.public,gs.us-east1,s3.us-east-1,ena",2017-02-14,2017-02-14,2018-11-16,2014-07-20,ERX525950,SAMEA2660264,B*18:01:01:01:01,STANFORD UNIVERSITY,Stanford University,2017-02-14T17:02:18Z,2014-07-20T01:13:39Z,public,Illumina HiSeq 2000,unspecified,PAIRED,other,GENOMIC,Homo sapiens,ILLUMINA,2017-02-21T00:00:00Z,2017-02-22T06:25:00Z,1,SAMEA2660264,JVM,ERP006388,JVM
ERR566962,JY,OTHER,202,1929260590,PRJEB6763,SAMEA2660265,1318563860,STANFORD UNIVERSITY,human,public,"sra,fastq,run.zq","s3,gs,ena,ncbi","s3.us-east-1,ncbi.public,gs.us-east1,ena",2017-02-14,2017-02-14,2018-11-16,2014-07-20,ERX525951,SAMEA2660265,B*07:02:01:01:01,STANFORD UNIVERSITY,Stanford University,2017-02-14T17:02:18Z,2014-07-20T01:13:39Z,public,Illumina HiSeq 2000,unspecified,PAIRED,other,GENOMIC,Homo sapiens,ILLUMINA,2017-02-21T00:00:00Z,2017-02-22T06:35:00Z,1,SAMEA2660265,JY,ERP006388,JY
ERR566963,KAS011,OTHER,202,3697516272,PRJEB6763,SAMEA2660266,2556697803,STANFORD UNIVERSITY,human,public,"sra,run.zq,fastq","s3,gs,ncbi,ena","s3.us-east-1,ena,ncbi.public,gs.us-east1",2017-02-14,2017-02-14,2018-11-16,2014-07-20,ERX525952,SAMEA2660266,B*37:01:01:01:01,STANFORD UNIVERSITY,Stanford University,2017-02-14T17:02:18Z,2014-07-20T01:13:39Z,public,Illumina HiSeq 2000,unspecified,PAIRED,other,GENOMIC,Homo sapiens,ILLUMINA,2017-02-21T00:00:00Z,2017-02-22T06:43:00Z,1,SAMEA2660266,KAS011,ERP006388,KAS011
ERR566964,KAS116,OTHER,202,3951337554,PRJEB6763,SAMEA2660267,2737597001,STANFORD UNIVERSITY,human,public,"sra,run.zq,fastq","ncbi,ena,gs,s3","ena,ncbi.public,gs.us-east1,s3.us-east-1",2017-02-14,2017-02-14,2018-11-16,2014-07-20,ERX525953,SAMEA2660267,B*51:01:01:01:01,STANFORD UNIVERSITY,Stanford University,2017-02-14T17:02:18Z,2014-07-20T01:13:39Z,public,Illumina HiSeq 2000,unspecified,PAIRED,other,GENOMIC,Homo sapiens,ILLUMINA,2017-02-21T00:00:00Z,2017-02-22T06:42:00Z,1,SAMEA2660267,KAS116,ERP006388,KAS116
ERR566965,KAWASAKI,OTHER,202,5867252610,PRJEB6763,SAMEA2660268,4245774005,STANFORD UNIVERSITY,human,public,"fastq,run.zq,sra","ncbi,ena,gs,s3","gs.us-east1,ncbi.public,s3.us-east-1,ena",2017-02-14,2017-02-14,2018-11-16,2014-07-20,ERX525954,SAMEA2660268,B*52:01:01:01:01,STANFORD UNIVERSITY,Stanford University,2017-02-14T17:02:18Z,2014-07-20T01:13:39Z,public,Illumina HiSeq 2000,unspecified,PAIRED,other,GENOMIC,Homo sapiens,ILLUMINA,2017-02-21T00:00:00Z,2017-02-22T07:04:00Z,1,SAMEA2660268,KAWASAKI,ERP006388,KAWASAKI
ERR566966,KGU,OTHER,202,5020257520,PRJEB6763,SAMEA2660269,3577541044,STANFORD UNIVERSITY,human,public,"sra,fastq,run.zq","ena,gs,ncbi,s3","s3.us-east-1,ena,ncbi.public,gs.us-east1",2017-02-14,2017-02-14,2018-11-16,2014-07-20,ERX525955,SAMEA2660269,B*35:03:01:01:01,STANFORD UNIVERSITY,Stanford University,2017-02-14T17:02:18Z,2014-07-20T01:13:39Z,public,Illumina HiSeq 2000,unspecified,PAIRED,other,GENOMIC,Homo sapiens,ILLUMINA,2017-02-21T00:00:00Z,2022-07-15T06:00:00Z,2,SAMEA2660269,KGU,ERP006388,KGU
ERR566967,KOSE,OTHER,202,7833413550,PRJEB6763,SAMEA2660270,5413597410,STANFORD UNIVERSITY,human,public,"run.zq,fastq,sra","gs,s3,ncbi,ena","ena,s3.us-east-1,ncbi.public,gs.us-east1",2017-02-14,2017-02-14,2018-11-16,2014-07-20,ERX525956,SAMEA2660270,B*35:03:01:01:01,STANFORD UNIVERSITY,Stanford University,2017-02-14T17:02:18Z,2014-07-20T01:13:39Z,public,Illumina HiSeq 2000,unspecified,PAIRED,other,GENOMIC,Homo sapiens,ILLUMINA,2017-02-21T00:00:00Z,2017-02-25T19:39:00Z,1,SAMEA2660270,KOSE,ERP006388,KOSE
ERR566968,KRC005,OTHER,202,3641457636,PRJEB6763,SAMEA2660271,2495858817,STANFORD UNIVERSITY,human,public,"fastq,sra,run.zq","s3,ncbi,gs,ena","ncbi.public,ena,s3.us-east-1,gs.us-east1",2017-02-14,2017-02-14,2018-11-16,2014-07-20,ERX525957,SAMEA2660271,B*51:01:01:01:01,STANFORD UNIVERSITY,Stanford University,2017-02-14T17:02:18Z,2014-07-20T01:13:39Z,public,Illumina HiSeq 2000,unspecified,PAIRED,other,GENOMIC,Homo sapiens,ILLUMINA,2017-02-21T00:00:00Z,2017-02-22T07:22:00Z,1,SAMEA2660271,KRC005,ERP006388,KRC005
ERR566969,L0541265,OTHER,202,4940040492,PRJEB6763,SAMEA2660272,3431916790,STANFORD UNIVERSITY,human,public,"sra,fastq,run.zq","ena,ncbi,s3,gs","s3.us-east-1,ncbi.public,ena,gs.us-east1",2017-02-14,2017-02-14,2018-11-16,2014-07-20,ERX525958,SAMEA2660272,B*08:01:01:01:01,STANFORD UNIVERSITY,Stanford University,2017-02-14T17:02:18Z,2014-07-20T01:13:39Z,public,Illumina HiSeq 2000,unspecified,PAIRED,other,GENOMIC,Homo sapiens,ILLUMINA,2017-02-21T00:00:00Z,2017-02-22T07:31:00Z,1,SAMEA2660272,L0541265,ERP006388,L0541265
ERR566970,L081785,OTHER,202,5169204846,PRJEB6763,SAMEA2660273,3580537605,STANFORD UNIVERSITY,human,public,"run.zq,fastq,sra","ena,s3,gs,ncbi","ncbi.public,gs.us-east1,s3.us-east-1,ena",2017-02-14,2017-02-14,2018-11-16,2014-07-20,ERX525959,SAMEA2660273,B*18:01:01:01:01,STANFORD UNIVERSITY,Stanford University,2017-02-14T17:02:18Z,2014-07-20T01:13:39Z,public,Illumina HiSeq 2000,unspecified,PAIRED,other,GENOMIC,Homo sapiens,ILLUMINA,2017-02-21T00:00:00Z,2017-02-22T07:30:00Z,1,SAMEA2660273,L081785,ERP006388,L081785
ERR566971,LBF,OTHER,202,4164378672,PRJEB6763,SAMEA2660274,2849410058,STANFORD UNIVERSITY,human,public,"sra,fastq,run.zq","s3,ena,gs,ncbi","gs.us-east1,ena,ncbi.public,s3.us-east-1",2017-02-14,2017-02-14,2018-11-16,2014-07-20,ERX525960,SAMEA2660274,B*13:02:01:01:01,STANFORD UNIVERSITY,Stanford University,2017-02-14T17:02:18Z,2014-07-20T01:13:39Z,public,Illumina HiSeq 2000,unspecified,PAIRED,other,GENOMIC,Homo sapiens,ILLUMINA,2017-02-21T00:00:00Z,2022-07-24T03:58:00Z,2,SAMEA2660274,LBF,ERP006388,LBF
ERR566972,LD2B,OTHER,202,5602181140,PRJEB6763,SAMEA2660275,3876496128,STANFORD UNIVERSITY,human,public,"run.zq,sra,fastq","ncbi,s3,gs,ena","ena,ncbi.public,s3.us-east-1,gs.us-east1",2017-02-14,2017-02-14,2018-11-16,2014-07-20,ERX525961,SAMEA2660275,B*07:02:01:01:01,STANFORD UNIVERSITY,Stanford University,2017-02-14T17:02:18Z,2014-07-20T01:13:39Z,public,Illumina HiSeq 2000,unspecified,PAIRED,other,GENOMIC,Homo sapiens,ILLUMINA,2017-02-21T00:00:00Z,2022-07-15T08:28:00Z,2,SAMEA2660275,LD2B,ERP006388,LD2B
ERR566973,LKT3,OTHER,202,4434981710,PRJEB6763,SAMEA2660276,3074342025,STANFORD UNIVERSITY,human,public,"run.zq,fastq,sra","s3,ncbi,ena,gs","s3.us-east-1,ena,ncbi.public,gs.us-east1",2017-02-14,2017-02-14,2018-11-16,2014-07-20,ERX525962,SAMEA2660276,B*54:01:01:01:01,STANFORD UNIVERSITY,Stanford University,2017-02-14T17:02:18Z,2014-07-20T01:13:39Z,public,Illumina HiSeq 2000,unspecified,PAIRED,other,GENOMIC,Homo sapiens,ILLUMINA,2017-02-21T00:00:00Z,2017-02-22T07:53:00Z,1,SAMEA2660276,LKT3,ERP006388,LKT3
ERR566974,LUY,OTHER,202,5365948402,PRJEB6763,SAMEA2660277,3720531093,STANFORD UNIVERSITY,human,public,"run.zq,fastq,sra","ena,s3,gs,ncbi","ena,gs.us-east1,ncbi.public,s3.us-east-1",2017-02-14,2017-02-14,2018-11-16,2014-07-20,ERX525963,SAMEA2660277,B*51:01:01:01:01,STANFORD UNIVERSITY,Stanford University,2017-02-14T17:02:18Z,2014-07-20T01:13:39Z,public,Illumina HiSeq 2000,unspecified,PAIRED,other,GENOMIC,Homo sapiens,ILLUMINA,2017-02-21T00:00:00Z,2017-02-22T08:05:00Z,1,SAMEA2660277,LUY,ERP006388,LUY
ERR566975,LWAGS,OTHER,202,7213126494,PRJEB6763,SAMEA2660278,5138936348,STANFORD UNIVERSITY,human,public,"run.zq,fastq,sra","gs,s3,ena,ncbi","s3.us-east-1,ena,gs.us-east1,ncbi.public",2017-02-14,2017-02-14,2018-11-16,2014-07-20,ERX525964,SAMEA2660278,B*14:02:01:01:01,STANFORD UNIVERSITY,Stanford University,2017-02-14T17:02:18Z,2014-07-20T01:13:39Z,public,Illumina HiSeq 2000,unspecified,PAIRED,other,GENOMIC,Homo sapiens,ILLUMINA,2017-02-21T00:00:00Z,2017-02-22T08:14:00Z,1,SAMEA2660278,LWAGS,ERP006388,LWAGS
ERR566976,LZL,OTHER,202,5194200124,PRJEB6763,SAMEA2660279,3551888007,STANFORD UNIVERSITY,human,public,"run.zq,fastq,sra","ena,s3,gs,ncbi","ncbi.public,gs.us-east1,ena,s3.us-east-1",2017-02-14,2017-02-14,2018-11-16,2014-07-20,ERX525965,SAMEA2660279,B*15:01:01:01:01,STANFORD UNIVERSITY,Stanford University,2017-02-14T17:02:18Z,2014-07-20T01:13:39Z,public,Illumina HiSeq 2000,unspecified,PAIRED,other,GENOMIC,Homo sapiens,ILLUMINA,2017-02-21T00:00:00Z,2017-02-22T08:22:00Z,1,SAMEA2660279,LZL,ERP006388,LZL
ERR566977,MADURA,OTHER,202,5701437274,PRJEB6763,SAMEA2660280,3970292370,STANFORD UNIVERSITY,human,public,"run.zq,fastq,sra","s3,ncbi,ena,gs","s3.us-east-1,gs.us-east1,ncbi.public,ena",2017-02-14,2017-02-14,2018-11-16,2014-07-20,ERX525966,SAMEA2660280,B*40:01:02:01:01,STANFORD UNIVERSITY,Stanford University,2017-02-14T17:02:18Z,2014-07-20T01:13:39Z,public,Illumina HiSeq 2000,unspecified,PAIRED,other,GENOMIC,Homo sapiens,ILLUMINA,2017-02-21T00:00:00Z,2017-02-22T08:29:00Z,1,SAMEA2660280,MADURA,ERP006388,MADURA
ERR566978,MANIKA,OTHER,202,9449858354,PRJEB6763,SAMEA2660281,6728767863,STANFORD UNIVERSITY,human,public,"run.zq,sra,fastq","gs,s3,ena,ncbi","gs.us-east1,ena,ncbi.public,s3.us-east-1",2017-02-14,2017-02-14,2018-11-16,2014-07-20,ERX525967,SAMEA2660281,B*50:01:01:01:01,STANFORD UNIVERSITY,Stanford University,2017-02-14T17:02:18Z,2014-07-20T01:13:39Z,public,Illumina HiSeq 2000,unspecified,PAIRED,other,GENOMIC,Homo sapiens,ILLUMINA,2017-02-21T00:00:00Z,2017-02-22T08:58:00Z,1,SAMEA2660281,MANIKA,ERP006388,MANIKA
ERR566979,MCF,OTHER,202,33947693578,PRJEB6763,SAMEA2660282,24447415054,STANFORD UNIVERSITY,human,public,"run.zq,sra,fastq","s3,ena,gs,ncbi","ncbi.public,s3.us-east-1,gs.us-east1,ena",2017-02-14,2017-02-14,2018-11-16,2014-07-20,ERX525968,SAMEA2660282,B*15:01:01:01:01,STANFORD UNIVERSITY,Stanford University,2017-02-14T17:02:18Z,2014-07-20T01:13:39Z,public,Illumina HiSeq 2000,unspecified,PAIRED,other,GENOMIC,Homo sapiens,ILLUMINA,2017-02-21T00:00:00Z,2017-02-22T10:03:00Z,1,SAMEA2660282,MCF,ERP006388,MCF
ERR566980,MGAR,OTHER,202,4468618750,PRJEB6763,SAMEA2660283,3105941647,STANFORD UNIVERSITY,human,public,"fastq,run.zq,sra","s3,ena,gs,ncbi","gs.us-east1,ena,s3.us-east-1,ncbi.public",2017-02-14,2017-02-14,2018-11-16,2014-07-20,ERX525969,SAMEA2660283,B*08:01:01:01:01,STANFORD UNIVERSITY,Stanford University,2017-02-14T17:02:18Z,2014-07-20T01:13:39Z,public,Illumina HiSeq 2000,unspecified,PAIRED,other,GENOMIC,Homo sapiens,ILLUMINA,2017-02-21T00:00:00Z,2017-02-22T08:51:00Z,1,SAMEA2660283,MGAR,ERP006388,MGAR
ERR566981,MOU,OTHER,202,36801893180,PRJEB6763,SAMEA2660284,26453844669,STANFORD UNIVERSITY,human,public,"sra,fastq,run.zq","gs,ena,ncbi,s3","gs.us-east1,ena,ncbi.public,s3.us-east-1",2017-02-14,2017-02-14,2019-01-23,2014-07-20,ERX525970,SAMEA2660284,B*44:03:01:01:01,STANFORD UNIVERSITY,Stanford University,2017-02-14T17:02:18Z,2014-07-20T01:13:39Z,public,Illumina HiSeq 2000,unspecified,PAIRED,other,GENOMIC,Homo sapiens,ILLUMINA,2017-02-21T00:00:00Z,2017-03-02T15:53:00Z,1,SAMEA2660284,MOU,ERP006388,MOU
ERR566982,MT14B,OTHER,202,4174309194,PRJEB6763,SAMEA2660285,2895378905,STANFORD UNIVERSITY,human,public,"run.zq,sra,fastq","gs,ncbi,s3,ena","ena,ncbi.public,s3.us-east-1,gs.us-east1",2017-02-14,2017-02-14,2018-11-16,2014-07-20,ERX525971,SAMEA2660285,B*40:01:02:01:01,STANFORD UNIVERSITY,Stanford University,2017-02-14T17:02:18Z,2014-07-20T01:13:39Z,public,Illumina HiSeq 2000,unspecified,PAIRED,other,GENOMIC,Homo sapiens,ILLUMINA,2017-02-21T00:00:00Z,2022-07-24T03:45:00Z,2,SAMEA2660285,MT14B,ERP006388,MT14B
ERR566983,MZ0707,OTHER,202,2255701478,PRJEB6763,SAMEA2660286,1219975518,STANFORD UNIVERSITY,human,public,"fastq,run.zq,sra","ena,gs,ncbi,s3","s3.us-east-1,ncbi.public,ena,gs.us-east1",2017-02-14,2017-02-14,2018-11-16,2014-07-20,ERX525972,SAMEA2660286,B*14:02:01:01:01,STANFORD UNIVERSITY,Stanford University,2017-02-14T17:02:18Z,2014-07-20T01:13:40Z,public,Illumina HiSeq 2000,unspecified,PAIRED,other,GENOMIC,Homo sapiens,ILLUMINA,2017-02-21T00:00:00Z,2017-02-22T09:03:00Z,1,SAMEA2660286,MZ0707,ERP006388,MZ0707
ERR566984,OMW,OTHER,202,5414111060,PRJEB6763,SAMEA2660287,3749147958,STANFORD UNIVERSITY,human,public,"run.zq,fastq,sra","s3,ena,ncbi,gs","gs.us-east1,s3.us-east-1,ena,ncbi.public",2017-02-14,2017-02-14,2018-11-16,2014-07-20,ERX525973,SAMEA2660287,B*45:01:01:01:01,STANFORD UNIVERSITY,Stanford University,2017-02-14T17:02:18Z,2014-07-20T01:13:40Z,public,Illumina HiSeq 2000,unspecified,PAIRED,other,GENOMIC,Homo sapiens,ILLUMINA,2017-02-21T00:00:00Z,2017-02-22T09:25:00Z,1,SAMEA2660287,OMW,ERP006388,OMW
ERR566985,PF04015,OTHER,202,10967726552,PRJEB6763,SAMEA2660288,7721916730,STANFORD UNIVERSITY,human,public,"fastq,sra,run.zq","gs,s3,ncbi,ena","ncbi.public,ena,s3.us-east-1,gs.us-east1",2017-02-14,2017-02-14,2018-11-16,2014-07-20,ERX525974,SAMEA2660288,B*08:01:01:01:01,STANFORD UNIVERSITY,Stanford University,2017-02-14T17:02:18Z,2014-07-20T01:13:40Z,public,Illumina HiSeq 2000,unspecified,PAIRED,other,GENOMIC,Homo sapiens,ILLUMINA,2017-02-21T00:00:00Z,2017-02-22T09:53:00Z,1,SAMEA2660288,PF04015,ERP006388,PF04015
ERR566986,PF97387,OTHER,202,6139860902,PRJEB6763,SAMEA2660289,4260485416,STANFORD UNIVERSITY,human,public,"run.zq,fastq,sra","gs,s3,ena,ncbi","s3.us-east-1,gs.us-east1,ncbi.public,ena",2017-02-14,2017-02-14,2018-11-16,2014-07-20,ERX525975,SAMEA2660289,B*44:03:01:01:01,STANFORD UNIVERSITY,Stanford University,2017-02-14T17:02:18Z,2014-07-20T01:13:40Z,public,Illumina HiSeq 2000,unspecified,PAIRED,other,GENOMIC,Homo sapiens,ILLUMINA,2017-02-21T00:00:00Z,2017-02-22T09:53:00Z,1,SAMEA2660289,PF97387,ERP006388,PF97387
ERR566987,PGF,OTHER,202,39904555408,PRJEB6763,SAMEA2660290,27157749546,STANFORD UNIVERSITY,human,public,"run.zq,sra,fastq","gs,s3,ncbi,ena","ena,s3.us-east-1,gs.us-east1,ncbi.public",2017-02-14,2017-02-14,2018-11-16,2014-07-20,ERX525976,SAMEA2660290,B*07:02:01:01:01,STANFORD UNIVERSITY,Stanford University,2017-02-14T17:02:18Z,2014-07-20T01:13:40Z,public,Illumina HiSeq 2000,unspecified,PAIRED,other,GENOMIC,Homo sapiens,ILLUMINA,2017-02-21T00:00:00Z,2017-02-22T11:42:00Z,1,SAMEA2660290,PGF,ERP006388,PGF
ERR566988,PITOUT,OTHER,202,5189686232,PRJEB6763,SAMEA2660291,3536471046,STANFORD UNIVERSITY,human,public,"run.zq,fastq,sra","gs,ncbi,ena,s3","ncbi.public,gs.us-east1,s3.us-east-1,ena",2017-02-14,2017-02-14,2018-11-16,2014-07-20,ERX525977,SAMEA2660291,B*44:03:01:01:01,STANFORD UNIVERSITY,Stanford University,2017-02-14T17:02:18Z,2014-07-20T01:13:40Z,public,Illumina HiSeq 2000,unspecified,PAIRED,other,GENOMIC,Homo sapiens,ILLUMINA,2017-02-21T00:00:00Z,2017-02-22T10:19:00Z,1,SAMEA2660291,PITOUT,ERP006388,PITOUT
ERR566989,PLH,OTHER,202,4329202592,PRJEB6763,SAMEA2660292,2953452150,STANFORD UNIVERSITY,human,public,"run.zq,fastq,sra","ncbi,s3,ena,gs","s3.us-east-1,gs.us-east1,ncbi.public,ena",2017-02-14,2017-02-14,2018-11-16,2014-07-20,ERX525978,SAMEA2660292,B*47:01:01:01:01,STANFORD UNIVERSITY,Stanford University,2017-02-14T17:02:18Z,2014-07-20T01:13:40Z,public,Illumina HiSeq 2000,unspecified,PAIRED,other,GENOMIC,Homo sapiens,ILLUMINA,2017-02-21T00:00:00Z,2017-02-22T10:26:00Z,1,SAMEA2660292,PLH,ERP006388,PLH
ERR566990,QBL,OTHER,202,35025286010,PRJEB6763,SAMEA2660293,23155668942,STANFORD UNIVERSITY,human,public,"fastq,sra,run.zq","gs,ena,ncbi,s3","ncbi.public,s3.us-east-1,ena,gs.us-east1",2017-02-14,2017-02-14,2018-11-16,2014-07-20,ERX525979,SAMEA2660293,B*18:01:01:01:01,STANFORD UNIVERSITY,Stanford University,2017-02-14T17:02:18Z,2014-07-20T01:13:40Z,public,Illumina HiSeq 2000,unspecified,PAIRED,other,GENOMIC,Homo sapiens,ILLUMINA,2017-02-21T00:00:00Z,2017-02-22T11:53:00Z,1,SAMEA2660293,QBL,ERP006388,QBL
ERR566991,RML,OTHER,202,4487714214,PRJEB6763,SAMEA2660294,3048333805,STANFORD UNIVERSITY,human,public,"sra,fastq,run.zq","gs,ncbi,ena,s3","gs.us-east1,ena,s3.us-east-1,ncbi.public",2017-02-14,2017-02-14,2018-11-16,2014-07-20,ERX525980,SAMEA2660294,B*51:01:01:01:01,STANFORD UNIVERSITY,Stanford University,2017-02-14T17:02:18Z,2014-07-20T01:13:40Z,public,Illumina HiSeq 2000,unspecified,PAIRED,other,GENOMIC,Homo sapiens,ILLUMINA,2017-02-21T00:00:00Z,2017-02-22T10:36:00Z,1,SAMEA2660294,RML,ERP006388,RML
ERR566992,RSH,OTHER,202,5516598386,PRJEB6763,SAMEA2660295,3885451807,STANFORD UNIVERSITY,human,public,"fastq,sra,run.zq","s3,ena,ncbi,gs","ena,s3.us-east-1,gs.us-east1,ncbi.public",2017-02-14,2017-02-14,2018-11-16,2014-07-20,ERX525981,SAMEA2660295,B*42:01:01:01:01,STANFORD UNIVERSITY,Stanford University,2017-02-14T17:02:18Z,2014-07-20T01:13:40Z,public,Illumina HiSeq 2000,unspecified,PAIRED,other,GENOMIC,Homo sapiens,ILLUMINA,2017-02-21T00:00:00Z,2017-02-22T11:03:00Z,1,SAMEA2660295,RSH,ERP006388,RSH
ERR566993,SA1,OTHER,202,4551052324,PRJEB6763,SAMEA2660319,3208947850,STANFORD UNIVERSITY,human,public,"sra,fastq,run.zq","ena,ncbi,s3,gs","gs.us-east1,ncbi.public,s3.us-east-1,ena",2017-02-14,2017-02-14,2018-11-16,2014-07-20,ERX525982,SAMEA2660319,B*07:02:01:01:01,STANFORD UNIVERSITY,Stanford University,2017-02-14T17:02:19Z,2014-07-20T08:00:19Z,public,Illumina HiSeq 2000,unspecified,PAIRED,other,GENOMIC,Homo sapiens,ILLUMINA,2017-02-21T00:00:00Z,2017-02-22T11:21:00Z,1,SAMEA2660319,SA1,ERP006388,SA1
ERR566994,SCHU,OTHER,202,5855035246,PRJEB6763,SAMEA2660296,4146096527,STANFORD UNIVERSITY,human,public,"fastq,run.zq,sra","ncbi,ena,s3,gs","ena,gs.us-east1,s3.us-east-1,ncbi.public",2017-02-14,2017-02-14,2018-11-16,2014-07-20,ERX525983,SAMEA2660296,B*07:02:01:01:01,STANFORD UNIVERSITY,Stanford University,2017-02-14T17:02:18Z,2014-07-20T01:13:40Z,public,Illumina HiSeq 2000,unspecified,PAIRED,other,GENOMIC,Homo sapiens,ILLUMINA,2017-02-21T00:00:00Z,2017-02-22T11:47:00Z,1,SAMEA2660296,SCHU,ERP006388,SCHU
ERR566995,SLE005,OTHER,202,3626787588,PRJEB6763,SAMEA2660297,1951041039,STANFORD UNIVERSITY,human,public,"run.zq,fastq,sra","gs,ena,s3,ncbi","ena,gs.us-east1,s3.us-east-1,ncbi.public",2017-02-14,2017-02-14,2018-11-16,2014-07-20,ERX525984,SAMEA2660297,B*40:01:02:01:01,STANFORD UNIVERSITY,Stanford University,2017-02-14T17:02:18Z,2014-07-20T01:13:40Z,public,Illumina HiSeq 2000,unspecified,PAIRED,other,GENOMIC,Homo sapiens,ILLUMINA,2017-02-21T00:00:00Z,2017-02-22T11:59:00Z,1,SAMEA2660297,SLE005,ERP006388,SLE005
ERR566996,SP0010,OTHER,202,4845967072,PRJEB6763,SAMEA2660298,3271673824,STANFORD UNIVERSITY,human,public,"fastq,run.zq,sra","ncbi,s3,gs,ena","gs.us-east1,ena,s3.us-east-1,ncbi.public",2017-02-14,2017-02-14,2018-11-16,2014-07-20,ERX525985,SAMEA2660298,B*44:49:01:01:01,STANFORD UNIVERSITY,Stanford University,2017-02-14T17:02:18Z,2014-07-20T01:13:40Z,public,Illumina HiSeq 2000,unspecified,PAIRED,other,GENOMIC,Homo sapiens,ILLUMINA,2017-02-21T00:00:00Z,2017-02-22T12:06:00Z,1,SAMEA2660298,SP0010,ERP006388,SP0010
ERR566997,SPL,OTHER,202,2078200442,PRJEB6763,SAMEA2660299,1124555322,STANFORD UNIVERSITY,human,public,"run.zq,sra,fastq","ncbi,ena,s3,gs","s3.us-east-1,ena,gs.us-east1,ncbi.public",2017-02-14,2017-02-14,2018-11-16,2014-07-20,ERX525986,SAMEA2660299,B*15:01:01:01:01,STANFORD UNIVERSITY,Stanford University,2017-02-14T17:02:18Z,2014-07-20T01:13:40Z,public,Illumina HiSeq 2000,unspecified,PAIRED,other,GENOMIC,Homo sapiens,ILLUMINA,2017-02-21T00:00:00Z,2017-02-22T12:03:00Z,1,SAMEA2660299,SPL,ERP006388,SPL
ERR566998,SSTO,OTHER,202,35840905652,PRJEB6763,SAMEA2660300,23881623428,STANFORD UNIVERSITY,human,public,"sra,run.zq,fastq","ncbi,ena,gs,s3","ena,s3.us-east-1,ncbi.public,gs.us-east1",2017-02-14,2017-02-14,2018-11-16,2014-07-20,ERX525987,SAMEA2660300,B*44:02:01:01:01,STANFORD UNIVERSITY,Stanford University,2017-02-14T17:02:18Z,2014-07-20T01:13:40Z,public,Illumina HiSeq 2000,unspecified,PAIRED,other,GENOMIC,Homo sapiens,ILLUMINA,2017-02-21T00:00:00Z,2017-02-22T13:22:00Z,1,SAMEA2660300,SSTO,ERP006388,SSTO
ERR566999,STEINLIN,OTHER,202,9666120766,PRJEB6763,SAMEA2660301,6898834654,STANFORD UNIVERSITY,human,public,"run.zq,fastq,sra","ena,ncbi,s3,gs","ncbi.public,ena,s3.us-east-1,gs.us-east1",2017-02-14,2017-02-14,2018-11-16,2014-07-20,ERX525988,SAMEA2660301,B*08:01:01:01:01,STANFORD UNIVERSITY,Stanford University,2017-02-14T17:02:18Z,2014-07-20T01:13:40Z,public,Illumina HiSeq 2000,unspecified,PAIRED,other,GENOMIC,Homo sapiens,ILLUMINA,2017-02-21T00:00:00Z,2017-02-22T12:44:00Z,1,SAMEA2660301,STEINLIN,ERP006388,STEINLIN
ERR567000,SWEIG,OTHER,202,5291859852,PRJEB6763,SAMEA2660302,3673835721,STANFORD UNIVERSITY,human,public,"sra,fastq,run.zq","s3,ncbi,gs,ena","ncbi.public,s3.us-east-1,ena,gs.us-east1",2017-02-14,2017-02-14,2018-11-16,2014-07-20,ERX525989,SAMEA2660302,B*40:02:01:01:01,STANFORD UNIVERSITY,Stanford University,2017-02-14T17:02:18Z,2014-07-20T01:13:40Z,public,Illumina HiSeq 2000,unspecified,PAIRED,other,GENOMIC,Homo sapiens,ILLUMINA,2017-02-21T00:00:00Z,2022-07-13T09:32:00Z,2,SAMEA2660302,SWEIG,ERP006388,SWEIG
ERR567001,T7526,OTHER,202,12078783516,PRJEB6763,SAMEA2660303,8626966375,STANFORD UNIVERSITY,human,public,"run.zq,sra,fastq","gs,ncbi,s3,ena","ncbi.public,ena,s3.us-east-1,gs.us-east1",2017-02-14,2017-02-14,2018-11-16,2014-07-20,ERX525990,SAMEA2660303,B*46:01:01:01:01,STANFORD UNIVERSITY,Stanford University,2017-02-14T17:02:18Z,2014-07-20T01:13:40Z,public,Illumina HiSeq 2000,unspecified,PAIRED,other,GENOMIC,Homo sapiens,ILLUMINA,2017-02-21T00:00:00Z,2017-02-22T12:55:00Z,1,SAMEA2660303,T7526,ERP006388,T7526
ERR567002,T7527,OTHER,202,4504383052,PRJEB6763,SAMEA2660304,3263176017,STANFORD UNIVERSITY,human,public,"sra,fastq,run.zq","gs,ncbi,s3,ena","ncbi.public,gs.us-east1,ena,s3.us-east-1",2017-02-14,2017-02-14,2018-11-16,2014-07-20,ERX525991,SAMEA2660304,B*46:01:01:01:01,STANFORD UNIVERSITY,Stanford University,2017-02-14T17:02:18Z,2014-07-20T01:13:40Z,public,Illumina HiSeq 2000,unspecified,PAIRED,other,GENOMIC,Homo sapiens,ILLUMINA,2017-02-21T00:00:00Z,2017-02-22T12:53:00Z,1,SAMEA2660304,T7527,ERP006388,T7527
ERR567003,TAB,OTHER,202,4407446484,PRJEB6763,SAMEA2660305,3036783333,STANFORD UNIVERSITY,human,public,"run.zq,fastq,sra","ncbi,gs,s3,ena","ena,s3.us-east-1,gs.us-east1,ncbi.public",2017-02-14,2017-02-14,2018-11-16,2014-07-20,ERX525992,SAMEA2660305,B*46:01:01:01:01,STANFORD UNIVERSITY,Stanford University,2017-02-14T17:02:18Z,2014-07-20T01:13:40Z,public,Illumina HiSeq 2000,unspecified,PAIRED,other,GENOMIC,Homo sapiens,ILLUMINA,2017-02-21T00:00:00Z,2017-02-22T13:00:00Z,1,SAMEA2660305,TAB,ERP006388,TAB
ERR567004,TEM,OTHER,202,6007370920,PRJEB6763,SAMEA2660306,4189085128,STANFORD UNIVERSITY,human,public,"sra,run.zq,fastq","gs,s3,ncbi,ena","ena,ncbi.public,s3.us-east-1,gs.us-east1",2017-02-14,2017-02-14,2018-11-16,2014-07-20,ERX525993,SAMEA2660306,B*38:01:01:01:01,STANFORD UNIVERSITY,Stanford University,2017-02-14T17:02:18Z,2014-07-20T01:13:40Z,public,Illumina HiSeq 2000,unspecified,PAIRED,other,GENOMIC,Homo sapiens,ILLUMINA,2017-02-21T00:00:00Z,2022-07-17T07:11:00Z,2,SAMEA2660306,TEM,ERP006388,TEM
ERR567005,TISI,OTHER,202,6704991858,PRJEB6763,SAMEA2660307,4780535928,STANFORD UNIVERSITY,human,public,"run.zq,sra,fastq","ena,ncbi,s3,gs","gs.us-east1,ncbi.public,ena,s3.us-east-1",2017-02-14,2017-02-14,2018-11-16,2014-07-20,ERX525994,SAMEA2660307,B*35:08:01:01:01,STANFORD UNIVERSITY,Stanford University,2017-02-14T17:02:18Z,2014-07-20T01:13:40Z,public,Illumina HiSeq 2000,unspecified,PAIRED,other,GENOMIC,Homo sapiens,ILLUMINA,2017-02-21T00:00:00Z,2017-02-22T13:40:00Z,1,SAMEA2660307,TISI,ERP006388,TISI
ERR567006,VAVY,OTHER,202,5901193458,PRJEB6763,SAMEA2660308,4187005798,STANFORD UNIVERSITY,human,public,"run.zq,sra,fastq","s3,ncbi,ena,gs","ncbi.public,gs.us-east1,s3.us-east-1,ena",2017-02-14,2017-02-14,2018-11-16,2014-07-20,ERX525995,SAMEA2660308,B*08:01:01:01:01,STANFORD UNIVERSITY,Stanford University,2017-02-14T17:02:18Z,2014-07-20T01:13:40Z,public,Illumina HiSeq 2000,unspecified,PAIRED,other,GENOMIC,Homo sapiens,ILLUMINA,2017-02-21T00:00:00Z,2017-02-22T13:45:00Z,1,SAMEA2660308,VAVY,ERP006388,VAVY
ERR567007,WAR,OTHER,202,5259165142,PRJEB6763,SAMEA2660309,3692528953,STANFORD UNIVERSITY,human,public,"run.zq,sra,fastq","gs,ena,ncbi,s3","ena,s3.us-east-1,gs.us-east1,ncbi.public",2017-02-14,2017-02-14,2018-11-16,2014-07-20,ERX525996,SAMEA2660309,B*07:02:01:01:01,STANFORD UNIVERSITY,Stanford University,2017-02-14T17:02:18Z,2014-07-20T01:13:40Z,public,Illumina HiSeq 2000,unspecified,PAIRED,other,GENOMIC,Homo sapiens,ILLUMINA,2017-02-21T00:00:00Z,2022-07-20T11:22:00Z,2,SAMEA2660309,WAR,ERP006388,WAR
ERR567008,WDV,OTHER,202,5654017168,PRJEB6763,SAMEA2660310,3881672398,STANFORD UNIVERSITY,human,public,"fastq,run.zq,sra","gs,ncbi,ena,s3","gs.us-east1,ncbi.public,s3.us-east-1,ena",2017-02-14,2017-02-14,2018-11-16,2014-07-20,ERX525997,SAMEA2660310,B*38:01:01:01:01,STANFORD UNIVERSITY,Stanford University,2017-02-14T17:02:18Z,2014-07-20T01:13:40Z,public,Illumina HiSeq 2000,unspecified,PAIRED,other,GENOMIC,Homo sapiens,ILLUMINA,2017-02-21T00:00:00Z,2017-02-22T14:08:00Z,1,SAMEA2660310,WDV,ERP006388,WDV
ERR567009,WIN197,OTHER,202,6923596056,PRJEB6763,SAMEA2660311,4888721846,STANFORD UNIVERSITY,human,public,"run.zq,fastq,sra","ena,s3,gs,ncbi","ncbi.public,ena,gs.us-east1,s3.us-east-1",2017-02-14,2017-02-14,2018-11-16,2014-07-20,ERX525998,SAMEA2660311,B*57:01:01:01:01,STANFORD UNIVERSITY,Stanford University,2017-02-14T17:02:18Z,2014-07-20T01:13:40Z,public,Illumina HiSeq 2000,unspecified,PAIRED,other,GENOMIC,Homo sapiens,ILLUMINA,2017-02-21T00:00:00Z,2017-02-22T14:35:00Z,1,SAMEA2660311,WIN197,ERP006388,WIN197
ERR567010,WJR076D,OTHER,202,5981214344,PRJEB6763,SAMEA2660312,4109598487,STANFORD UNIVERSITY,human,public,"sra,run.zq,fastq","gs,ena,s3,ncbi","s3.us-east-1,ena,ncbi.public,gs.us-east1",2017-02-14,2017-02-14,2018-11-16,2014-07-20,ERX525999,SAMEA2660312,B*57:01:01:01:01,STANFORD UNIVERSITY,Stanford University,2017-02-14T17:02:18Z,2014-07-20T01:13:40Z,public,Illumina HiSeq 2000,unspecified,PAIRED,other,GENOMIC,Homo sapiens,ILLUMINA,2017-02-21T00:00:00Z,2022-07-21T17:27:00Z,2,SAMEA2660312,WJR076D,ERP006388,WJR076D
ERR567011,WT100BIS,OTHER,202,4910612526,PRJEB6763,SAMEA2660313,3335809195,STANFORD UNIVERSITY,human,public,"sra,fastq,run.zq","ncbi,s3,ena,gs","ncbi.public,gs.us-east1,ena,s3.us-east-1",2017-02-14,2017-02-14,2018-11-16,2014-07-20,ERX526000,SAMEA2660313,B*35:01:01:02:01,STANFORD UNIVERSITY,Stanford University,2017-02-14T17:02:18Z,2014-07-20T01:13:40Z,public,Illumina HiSeq 2000,unspecified,PAIRED,other,GENOMIC,Homo sapiens,ILLUMINA,2017-02-21T00:00:00Z,2017-02-22T14:51:00Z,1,SAMEA2660313,WT100BIS,ERP006388,WT100BIS
ERR567012,WT24,OTHER,202,4761587632,PRJEB6763,SAMEA2660314,3243373689,STANFORD UNIVERSITY,human,public,"sra,run.zq,fastq","ena,s3,ncbi,gs","ena,s3.us-east-1,ncbi.public,gs.us-east1",2017-02-14,2017-02-14,2018-11-16,2014-07-20,ERX526001,SAMEA2660314,B*27:05:02:01:01,STANFORD UNIVERSITY,Stanford University,2017-02-14T17:02:18Z,2014-07-20T01:13:41Z,public,Illumina HiSeq 2000,unspecified,PAIRED,other,GENOMIC,Homo sapiens,ILLUMINA,2017-02-21T00:00:00Z,2017-02-22T15:16:00Z,1,SAMEA2660314,WT24,ERP006388,WT24
ERR567013,WT47D,OTHER,202,2439811954,PRJEB6763,SAMEA2660315,1324691052,STANFORD UNIVERSITY,human,public,"sra,fastq,run.zq","ncbi,s3,gs,ena","s3.us-east-1,gs.us-east1,ena,ncbi.public",2017-02-14,2017-02-14,2018-11-16,2014-07-20,ERX526002,SAMEA2660315,B*44:02:01:01:01,STANFORD UNIVERSITY,Stanford University,2017-02-14T17:02:18Z,2014-07-20T01:13:41Z,public,Illumina HiSeq 2000,unspecified,PAIRED,other,GENOMIC,Homo sapiens,ILLUMINA,2017-02-21T00:00:00Z,2017-02-22T15:07:00Z,1,SAMEA2660315,WT47D,ERP006388,WT47D
ERR567014,WT49,OTHER,202,6128053194,PRJEB6763,SAMEA2660316,4286799212,STANFORD UNIVERSITY,human,public,"fastq,run.zq,sra","gs,s3,ncbi,ena","s3.us-east-1,gs.us-east1,ncbi.public,ena",2017-02-14,2017-02-14,2018-11-16,2014-07-20,ERX526003,SAMEA2660316,B*58:01:01:01:01,STANFORD UNIVERSITY,Stanford University,2017-02-14T17:02:18Z,2014-07-20T01:13:41Z,public,Illumina HiSeq 2000,unspecified,PAIRED,other,GENOMIC,Homo sapiens,ILLUMINA,2017-02-21T00:00:00Z,2022-07-24T04:07:00Z,2,SAMEA2660316,WT49,ERP006388,WT49
ERR567015,WT51,OTHER,202,4324292982,PRJEB6763,SAMEA2660317,2979293269,STANFORD UNIVERSITY,human,public,"sra,fastq,run.zq","s3,ena,ncbi,gs","s3.us-east-1,gs.us-east1,ena,ncbi.public",2017-02-14,2017-02-14,2018-11-16,2014-07-20,ERX526004,SAMEA2660317,B*14:02:01:01:01,STANFORD UNIVERSITY,Stanford University,2017-02-14T17:02:18Z,2014-07-20T01:13:41Z,public,Illumina HiSeq 2000,unspecified,PAIRED,other,GENOMIC,Homo sapiens,ILLUMINA,2017-02-21T00:00:00Z,2017-02-22T15:38:00Z,1,SAMEA2660317,WT51,ERP006388,WT51
ERR567016,YAR,OTHER,202,6702870858,PRJEB6763,SAMEA2660318,4730691702,STANFORD UNIVERSITY,human,public,"fastq,sra,run.zq","ncbi,ena,gs,s3","gs.us-east1,ena,ncbi.public,s3.us-east-1",2017-02-14,2017-02-14,2018-11-16,2014-07-20,ERX526005,SAMEA2660318,B*38:01:01:01:01,STANFORD UNIVERSITY,Stanford University,2017-02-14T17:02:18Z,2014-07-20T01:13:41Z,public,Illumina HiSeq 2000,unspecified,PAIRED,other,GENOMIC,Homo sapiens,ILLUMINA,2017-02-21T00:00:00Z,2017-02-22T15:53:00Z,1,SAMEA2660318,YAR,ERP006388,YAR
